Campaign,Callout text
CMD | CABA,Seguro incluido
CMD | CABA,Camiones propios
CMD | CABA,Plataforma de 1.200 kg
CMD | CABA,Respuesta en 24 horas
CMD | CABA,Embalaje y desembalaje
CMD | CABA,Personal capacitado
CMD | CABA,Cotización sin cargo
CMD | CABA,Carga y descarga incluida
CMD | CABA,Camiones de 20 a 50 m³
CMD | CABA,Atención por WhatsApp
CMD | Provincia de Buenos Aires,Seguro incluido
CMD | Provincia de Buenos Aires,Camiones propios
CMD | Provincia de Buenos Aires,Plataforma de 1.200 kg
CMD | Provincia de Buenos Aires,Respuesta en 24 horas
CMD | Provincia de Buenos Aires,Embalaje y desembalaje
CMD | Provincia de Buenos Aires,Personal capacitado
CMD | Provincia de Buenos Aires,Cotización sin cargo
CMD | Provincia de Buenos Aires,Carga y descarga incluida
CMD | Provincia de Buenos Aires,Camiones de 20 a 50 m³
CMD | Provincia de Buenos Aires,Atención por WhatsApp
CMD | Interior,Seguro incluido
CMD | Interior,Camiones propios
CMD | Interior,Plataforma de 1.200 kg
CMD | Interior,Respuesta en 24 horas
CMD | Interior,Embalaje y desembalaje
CMD | Interior,Personal capacitado
CMD | Interior,Cotización sin cargo
CMD | Interior,Carga y descarga incluida
CMD | Interior,Camiones de 20 a 50 m³
CMD | Interior,Atención por WhatsApp
